INSERT INTO plants (id, name, category, description, price, picture_link)
VALUES ('a0eebc99-9c0b-4ef8-bb6d-6bb9bd380a11', 'Red Rose', 'Flowers',
        'Classic red roses symbolizing love and passion. Perfect for romantic occasions and special celebrations. Each stem features large, velvety petals with a captivating fragrance.',
        1500,
        'https://www.surprose.com/media/catalog/product/cache/08a4d8fee4b5c4b84e9ebefa3cc29b01/t/h/three-burgundy-red-long-life-roses-including-vase-8720174084898-aa.webp'),
       ('b0eebc99-9c0b-4ef8-bb6d-6bb9bd380a12', 'White Lily', 'Flowers',
        'Elegant white lilies representing purity and refined beauty. These flowers produce a sweet fragrance and feature striking stamens against pristine white petals.',
        1200,
        'https://www.forgetmenotkilkenny.com/upload/mt/fmn469/products/eFlorist/lg_201402114-pure-white-lilies.jpg'),
       ('c0eebc99-9c0b-4ef8-bb6d-6bb9bd380a13', 'Snake Plant', 'Indoor Plants',
        'Low-maintenance indoor plant with striking vertical leaves. Known for its air-purifying qualities and ability to thrive in low-light conditions. Perfect for beginners.',
        2000,
        'https://www.thesill.com/cdn/shop/files/the-sill_Large-Snake-Laurentii_Large_Isabella_Top-Half-Black_Variant.jpg?v=1743795923'),
       ('d0eebc99-9c0b-4ef8-bb6d-6bb9bd380a14', 'Monstera', 'Indoor Plants',
        'Tropical plant featuring distinctive split leaves. This statement plant adds a jungle feel to any room. Easy to care for and grows impressively large with proper care.',
        3500,
        'https://plantify.co.za/cdn/shop/products/Plantify-2_a807b86c-95a0-40cd-82f4-5ecb70c7db66.jpg?v=1638873064&width=1080'),
       ('e0eebc99-9c0b-4ef8-bb6d-6bb9bd380a15', 'Tomato Plant', 'Vegetables',
        'Hardy tomato plants perfect for home gardens. These plants produce sweet, juicy tomatoes throughout the growing season. Ideal for containers or garden beds.',
        800,
        'data:image/jpeg;base64,/9j/4AAQSkZJRgABAQAAAQABAAD/2wCEAAkGBxMTEhUTExMWFhMXGBsaFxgYGB0aIRobHx0bIB4gIBobHyggGR0lHRoeITEiJSkrLi4uGR8zODMtNygtLysBCgoKDg0OGxAQGzImICYuLzIwLTIrLy0tNS0tLS4tLS0tLy0vLS0tLS0vLS0tLS8tLS8tLS0tLS8tLS0tLS0tLf/AABEIARMAtwMBIgACEQEDEQH/xAAbAAACAgMBAAAAAAAAAAAAAAAFBgMEAAIHAf/EAD0QAAIBAgQDBgMGBAcAAwEAAAECEQMhAAQSMQVBUQYTImFxgTKRoQdCscHR8BQjUuEVM2JygpLxQ1PSov/EABoBAAMBAQEBAAAAAAAAAAAAAAIDBAEFAAb/xAAyEQABAwMDAgQFAwQDAAAAAAABAAIRAxIhBDFBUWETIjLwBXGBobFSkcEUI3LxM0JD/9oADAMBAAIRAxEAPwDoAXyjzxIFPK+LgynOZ8sbiiPTG+Kg8Ncq+0bJ1KmYpdyw1gQVsCpWDqM/Eul1iesc8JNSjDsGEMpYGeskcuU4bvtS4bUoZ1M0rnS0FG5qUsV5iLz0Oo4WeF8Iq5xilJddUhm+ICBIkkn/AHDE1U3dd1M5puhBa1cOWCiFW0zv541o5Rad92PXkMNHHuwFbIUqVepVpOrMVqKp+FoJUAn49iCbRGFvUSZjfDmANatcLcBVIMmd8T5FSTe42jFXMg6jfBDhFIgFiNvxx5a70yrpTyHtgfmaaqdZMQPh69LYILc36YEcX+JoO0T8sC4oKYzlbisGNm9BjarnWBgKPrgSammLAzi1SzEwNP8AbG7JhYiXDl1OS0EyD+/LDOtANSC9FP4W288KmVpuGkW9dvQ4adfcrJErurC4IMcxaQbRj0jZJfMygeYzdZoSdVS0KokILxHmdRk7QcVK6stQtLJVTwvFjqFjIi1wflg2wYVe8WFRhaAAdUXnrbb0xpW4ZWzOZrFYLMygtIgAIgkxMG4tvhYM7omlTcL7XZgMquQYYFQFgsSwta3/AJjpXabhbZrK92jAkOGXUYBPQkyVALE+0c8cwr9lczl2So6A0w48akEbiPMT5jph6zwzGUdsyoL5d9OtSfgIAXULWVog78jzxjiAF474TB2GyTBtWpFRU0CkrTERuIBEERubk4YyfO+FPsFxOhUq5llYLVqssKSASFUTHXxFjhtOXOG0HizCbTEjC1k4wjGxo41NHzjDrky1V6oGMxI2XOMxl4XrCrlXMIg1EGeo9+eKVbjVNQWcwoFybDFytQ1ppm1vW2OZ9sOA5+vmmpUaZNAadDE6VuLktsSDOwOwwDSwDzL1QvHpVLt52opZshaVIEIbObEyDIA5Db9Bgf2VnuM5VDOhWn/KUBSDOomSymNthB87Yh7V9mHyD0QagdnMgqCBaJEHcAn3G8YscE4o+Xpk1V7ynUkGmRovYEg6TNhBG1+WEEt8Ue/fzUxLg6TulZcpVdGIJ7lCNR3VSecTv6STiDLMIAPxAfpg7x3jwrNoSmtKgLaBBvESSAJMCNrAYN9meyJzuQ1UaqpVFd+9DJIYADQARcAK087t83vAC1ouwEiqzJUDqxVgZBG45Yvo0JPO5wMzFQiuaf8AQzKT5gkfji/Vq6U2kmbfjgJgZWFpJDVB/iircfF8MFZtz8uWJeM0KJoq4rhqzgTTWlGnqGaYtttOAmZ53AG2CFCmXYM3QTFtgB+WMb3VVemyl6XSq+WyhPLbBDuSNt/TFrUAIG3/AJ+uIc5XFNQbEkWGNJ6qEuLitc1mVGWYCRWBG43Um9+UdMV+EZwuDTa6teCxADddt4m3PFbN5vXaIH1xrwbKPUqpTpKWqO2lACAdV+Z26+2FwOE8DCdM6k0qLKfCAbjkbecEiPL0xYy/GDRQVUUVKTRIRIAqEqneVK19EWCqBe3rhV4hlc3r7vMa1ZBdWGnSNiSABbz59ce8BzFZKho0dL6yVZN0qhZI9ZKjSRF4Ix6OUIbC63w7jS16UlVKEhQu8QwAB9xefLrghXr/AHWZaYEwuoAEe8TvtfCRncy+X/haVKk2XpupMMwB1tbmuqxiSDOk7DBDilesyUsm9KmzVkgFGYAst4Em4+EzPMjGerCGTsqHDuG9xnRTdSgaopoVTMfFIFrFT8J6b8iD2coP6/pjh3Z+hXznEkps2kUnDONRKqKZUEC+7RHqScdxKqeuPaZgF0p1GQMLxkX+qPY4idfcdcSdyPM+mNdIjf2xSY4TxPKrVtt/bGYkzW20YzAwtlatX6jGwrN5YDrxel1PyxJ/jNIAkz6xhvhnoleI3qk77QeNIScuaRRxDLUYAiZO3+kwPwO2EHOZgMVUMWWnTAkmYM3Gw9Y8zi/2i4uM1mHrsYsAonVpUDaBtJn5nAPJ0KgpvIXS0ESDI6kQY6XIOEgS6RwpnOuK0zlKKYjcNJ98Ov2bdscvk6NanmXKKzB0ZUZ7lYYeAGPhXfzwprTt1wN4r4ACpuZBHkRv88ETyspuIOFHxp0fOV3oyabuzqb3DMSLcvTB/IcOoVMpXrNmEGZUJ3dMmDEnUNO51WgjoNr4E5fKhRJ3IucQUSyvrKkg2IHS0C2FVGwCVZozfqGgGO6hzFNmiVC4I5cgDGgAeosJEEk7nbz2BGBtWnNxqiTu3nyjAMmMKr4gAaoFRwPWETzmYAAUHmAT88Cq1PSxHy9N8W0g09Ft585/ZxZzmWc0xppgvMl5+7G0bRN5wJY7nKh1FSk5/wDaFo95Q/KZao5imjOQpYhVLELIEwLxJHzwz8Oo5ngudy9WtTIWooJFrowHeL5OhP0HIkYXMhUek4dGZKg+8rFT8xi/xvjNfNLTFepralOhm+KDEgtzFgceY9rSlNcAV0ftP24yWdydQMGTNU/8tTMklgPCwsykGSpvA2thA4OHbMtWX418cASXYuggAbsdZaBc6TAwPWkXXWTtv+A/LBjsxna2XzFKrRUFixS4kaWRpI6EKCQfL1GGb7r10nK6/wAO010/mKrgkEBwD4hcQCNxhG7W9nKVOprRjTVzsFJCvF9KjbVHzn2badWilChVo1VclJbSQ0kG4J5RMRy04kz3EQr05AZGYBgY2Y7jzG/7BAZBXnbQVD9mnAzQFV2XxuV8RNyInb7tz/fDu6tgRwGoyOy1XWPFBA3XV4Z6W388G2r0uVRcUMItgJ1L0qEOR5Y8LY3avR51BiN69H/7R+/bBpihzbGN5xmPXegf/l/fyxmNWLk9WsF3qEHpr/LFM19bFdTEBbjUYN+f6YodmOFfxWbp0rlSZqHqoux8uQ98dP7U9zk6QdMnTeTE6QFS1ptN/wAt8YysXqeJF3C5bVyiKWZmGidcfkSN7/vfCvnONM9UEeGktgOom5PmcHOO5jWxchVncLYdLfphezGSPTAXHIQNLZkpgpVBEz54p5mhTd0DN4ua+Vz8/Lzw3fYvwSjmKlR6zajl9LLTYQpBmGY84I29JnbFb7SqaUuJ1dIAV1puCIiCgFotEqcYNsrfDtEoCadjziIH9hiDhGfRVZX3DH13xWr1zIgxi03C2PjMQVEXi8fTCqsOEEwqvh7zSeXWXCII2379VBTrM1Sqy6iFpMQtzeRyxuaZCBmUqDG42nkfliPS1KmzrBYFNr7HFnN9oEegUVCC0TOy+hxjnObAaJRhjKznucQ2Jx+AFLwXs9UzDBaenxDwlmgE+XngxwXLillqlStM6mVUtIglDPQgqf8Arihw3iDU+7SmboQZ6nVPytgl2hq5jOFilNadGWMTdiSTLHbmbDqcE9uFI1zcyhGT4BUrLVq07KhaQReyluXWMDKlQEA2J5W/PBzs3xKrkydSM9J99JExz3sR8vXFWhwqpWLV6FMikXaUJuvOB/UIPLz6YUaQmSlQBsqGVo63VXbQCd9OqLdJBibWPPBRskz6ctQMOakGrJEyDBkCVEDTccz1wa4fkcgopZioyvB8VNKgPeWsumdUz0gC82wT7X8WyeWK/wAHRejWClqg28LadIJkh1MH4TAnrOCiCY2RtndCOEcIq5NXpVSNU6vCSRBAFiQN7z6YYMvnkcUw7gEkAEzciJEjn++eF+t2iOYRWgAdIO4tcn4vr+mZPikZiiopM6wzVNCNUYAggQq3+LSZ6YB3mKDcronF+OClT71lZlBhtIvBOnntcg/PATs9xcZmrmQtTTqZXpK28aAreWmVBjlq88X2RHTS3iRp6iVN/wAGG20ThU4blKGUq1e9zPc5mlL0gw8FQaZC6zGkt8JB62x4uffLVoLrk5DK1zyf/o2Nmyla/hqD/i2GPs7xNa9IFYYaQy3nwtcfK4wScDkZxcKhIlVBoIlINXLVt/GPVWxmG3OjrjzBh5XrAgXYHsz/AAlEtU099UuSPuryUHfzPn6DB7i2Vo1KNRa4Ao6Zc7QBeZ5ERM4tke+FD7UOM9xkmQXetKR0X7x/Af8ALCgA0QtMNauQZeqtWm5RCRcDWRIG4kxvHTnjxB4RO8fLp9MP/YHsnRpzXBdqWZypamKiKwBnxKXAs6mIsNQZv6TCVm8s1F2p1TDpY9D5j8cLp0yCXSo3stVWhmjTR6a6lNU/zTPxqPhUQBCgkkgzJ09MD+LUKjUy+qadNVUywBALGAAbkaidtpviPjmYAddDX5gbfPriThLUajjvZZgDpn2t0OxwZMI2A4cVEK4FNGNyRCr1M7+lpwx0cxVVZFMsV2JHU/WMAeLZhw0pYC1gD9fXDDwrifeopSmWYA2i1gSZmxAAPyxHqBgYXd+DPe2+0t4wY6756fz2Qxj3dOWi7XG/4c8EaHCqLrLBQCCWIM3jl72wFo0w9JQ0rrqkraZ9ukYLZjh7pTc038IIs3OZsP1xlcutAaYTPhlOi+u91UFxkkEDBjcQcZmVRyGSqK1gWXVZ4+7yB6HFzj9XM00hWVacgbjUdQn5cvbBLs1Xg6Z8JiDPMgGfr9PLHva3MqqrVt3mshZX+ixO9tz88UOJEAr58ua6qS0QOnQKCrwvKVskr0e+o5mnBc1HLLWWYc28NNpIKi3Ic5wR4AFoIHYzyAPO8+xuD7YBUq1TNUz3dN6ndrqdgoAWACxOkAKLGJvjfgVOvXJos40kShYc1FgIibe+Fsc4zcrdfp6dNjHMOTOJBxwcR+yZuJcIyr1lzWXqKlT4nVgdLEi5tdGvykSDibjWQOeoPTVQK9IKVcX12LaJ6ESR0tbC29CpRbRUsRveYna/mMXuB8bKOoR2CK+k7GTPittEgweh64ZAiQuZcRuEn5UvpKKQHWTBgSNzE2kXt5W6Y612MQ0smgamqOy6nceEm5I1ajLbxa0zbC19ofAlQHMgKHrgTTYDwtF2F7TPSx53wR4Z2ipVMrTFYvSSmopVSN1aJBH+kgbxa/Q4XtlGZ4RTO8HzVGm2ZUa6RUuVk6gS50oqxJJBWNgNR5DC52i4PVzVShqoulSrCDWIEzC6muFPl6RvGLet83S7jJ1hry8FTrZQ9OIXV93VvtvpExhg7C182VqU82pUppKzEleoI+K4seoODAAdhbAJEKv9nfZziNB9NX+VQFjq0sx8lANh5t02x0sj2HliOjV1KJPryv6Y3jofnhrRAVTGhowhuePMX54zHmc+IYzBola53+mOM9rOIrna76mOmStMKYOlZuOU2k+uOu8UrtToVXUEFabkT1CmPrjlv2XR/E16pCsaSKiT93VOqB56d/XGRJASKuYCrjjuYWjRoU6j0qdFdMJbWbyXMeImdrDcxgLxcPVUszEtAuTJsIGGjtRwmnl37ymQoqMZQm6z/SDus28pGFTjb1NP8oFmF7Lq+gGMMtMKY3F0FKuZyDoNRFuovhrynAsouTbMLVV660aFS1QAh6juXUJuTTUID56jiHK5Q1KXjBWZt08he4PL1wGpZQoXkw58Cc97m23KPnjE5r5BB3UqZxGIHIb/AL5YajWpFA+sBY2EEm3oeflheoZRaaxYRvP72wXpcNpFZCqFK3P12B6+2JNYMtl0LsfCGXNfDLhI23nO/bqhtBGdab3YrUYmTBIggQTzBxnEqWZCkBfDvJIkD0F/fbfHtGu2mm5pyAziFB2BAEKNxY9cHMtxGmymnSglwAZ5AQTfphdd8FvllWfDW1R4kVAwSbsjHfPG6W+GGt3dRwwQUl/pLSbxtZRJ+IwIOLVV++y2X7xmNXVUC/6jItB54J8Z4Q1Ok+h4RrsDzC/d6eY8sBc3UbK0sr4pBaqWImCNSlTfaxxSRG3vC4TT/UVReQJOTsjvZHg3jfWulmBVGIjxCCVvaSoNjuJx5ms2mXJSNUGV0kQPMECUPlBHKMCeI9pyUUIfGpkGZMgk7bW+eK+XrB1NWowLbt1n064CmXO9Sdr9Myg4BvIyAbozjPyV7O5h62pqhk1AurzgCB7Rj3gHAmqOqqSJNjO0424fS1qpW+sgKPX8MPfZHhXdNLb6JHlfwn6HDnAASuVJmEH41w5qjrSmAhOlj0B8QM8wRsZtF+nlLguWzad6tRkU02pmVB7tgSGsANV9Vz132GB/E+J1aWbeJ1GtCsAunSVWQ1x4huOfqDhn4YirlyFpiVuoF/EdRNxuSNVtpPU4TfIARDCCNl6XDOIoaBig9DRM6gzRcsbxddVvbD5S42jpIYQoLOw5Ac7C8CcIva4o+WUKPGxTuQLmfUeUmcGOCcHalTAVnYgAlWIuQsPDKBabhZ2jBBxW3OOU2DjK6qbUAais0VFurKP6hqgMMMKEESPEDsfbHJG7QUqdaCtRagIXwjUDfmJ5Hpf1th24Rxxe97hyyuV1KpB8W5mYsYBsYwbHfqTqVbMFEc8/i9h+/rjMQ5lwX+n0nHuKITyUgdq+1VTMOQCVoj4UmLdTHxE+cxgJwHtE2RriorA6hFVDEMt9M2kQTIP646anCuFUKVLO93IZFamCz1C+oSAEJIJg9IHtjiPartLUzGZFVgpYQPhso+6ABsB8+pwBcpixwdJOUU49xZsxVZ6lSah5jkOgGwHlhezVCusstR9rkOwkdN9vLbE1BQKhdQxTkGAkSBMxbr9MFEqqQSJ9DIjHiZylFxYZCzs1X1UVBHiXw38tvofpjXjWUvr6/ucScJU62HLePPHnFeJU9S0wZZrauSnpPM4w7LMl0hBKlAkgMfDbnI/TB9OBuV0B2J0yQvT3ttGB2ayelQRfrg1lOJ1DTC2A67n/ANxNqQ8gWCfmrtHqfDPrLRzE7fRK3aEBFoCmX0L3kFoDTqEnwm1525H1wMy1aojLUBKsPhJP4A7jy2w50smKrrTABUKWi0kzYg8jvJ88Q9sOyYpUlzCmB4QyEyQJiesydr74012McGk5QNcHutHKtZTtS2Zo90Qq1ZvH3gOgM/2xTzqatFNyZk6S95ELI9oxvlsllhQ+5ri7amB6i+0mLnA91atSpupCstVlBLTytLEmdsebUDgSFZU0R09ZviTE9N/l1H5RF+GUKC97oWoVP+W86XUhgQbg9CCLiJnC5TBut4cglJMGJj5SYnqcGTl64UPVsoIHS5uAcUsvSArFSbRqEcxzEjzn5YynMSSmfFLWPa1o2GTAE5xtjG3+ka7IulOtTRhqZm0p4j4CwInobkC/W2OoUDpcgidUkifYXm06Zxy+j2arVF7ynpU20kvcHltPr1wzq+cSmDWAYgRqUi8dduZwU4lcRzpylTt7l+7zRqrM1FVmB2kDTI9gPr1x1LshTIy9MOoWqfiBIO1p6SOnn74E8QpoMs616S1SaZYWmTpERFxExI6E+qz9nbVqp7x6pYUmA8TbL4Ta83vjwaMLQeVv2/o1kzlOnl6dqfjXSpiX68t9QgnGN2yzFEmnUyyrWEBoezCBEi4NtmB6XtGGvi/FA2ZpCCVKSSBz1Mt+mkT88Xs5wylWUiFuP/r1Hy81jyjbGgr0yYC55n8wMyVrhHTMoyE0gNaVIYQJHiU7TqBB6jHR+Dg13pV61GpRanI8ekyCL3TkD18/UInCpo5yplWQsAoYuVI2GpZBPNrcxbHQKNUqlrEDc7/22xtoOVrTacq9m7MSP3Bj88ZjWjUDQYMHr6A/iDjMVAyFVvlcWrcZzKZY8P7wikrtqBgkR8STySROnb2wJ4m4q1Xq06a01/pEwALC5JJPUnc4bH7HVXSl3YTvcxU0U1LgsECsXNRQP5emFkzImImMe/aP2CGQSky1i1F20ldiHCyT0IsYtacTjql2u3KB8OoKacSBqWCSdj0xA9JkBk9Ov4TGAhVgraZj939o+uGTiwGuoWiJ2E8rYFzjwkVAW7KlTqVKnhpDUSLjb6yB88UcxkahZkfwwsiNgQbXw3cHpCkoAsWAJHO/r0kD2xT4kAzGOVvf1xgqGYKJpjZb5FwaaCp/mGzdOdwehxT4rlSkVKZi4DSYHrJtiehmVZNLEagIhrSB+OBtdnZwAG0jck2HubDB3cIQ3zIhUzISolVSRUC7gGGBEwQbwTcHcYK9oeIvUyv8xFg/dj5GTtfFbKaWfSblVW/Ww3+dj54tdteHOMmGZTFjPuPzEYRUbQva50XcJlMkvDUpZfgFZ0LhgaZFhqvPMQSLjFrS1DLqQQW73xBW1CCpsSpI5Yl4RnK1Wm1Okmtlps0HSIUDxQTEnyBk9DirwchqFUMSFLUzqAnS22xI5HrgmlxBuC7Oupta5ppvuPG+2Imeewwi2Xz75upl8qqnVVcISRMEk+IRuAsEyNgcRVaS0c1UWvTYkLUWmaTW1iVkjmodSrKOnPmy8MpUcqy5uixVlV9BifFFh4hcFTDRtNoOF9qr/wAms0E66ta9xL1ZiN4sT6NPPC2vbBjdK11F7GNqOiMjAiDuRB+e6sZHijUxBYhP6dvmMHV7TowCk2jnfl7D645zm845rPrgkM0gG1j9b4t0c3pIJQEdL4MggLjuphdAzXaZFoVG1Dwgd2Ik6yYt08Jab7TfC52XztCloLwp78tUJaCUddIGj7yI9/KScGO2+ao1chlqtFaVJ6fiC2U1ELaWQKBD6W8RkzCyAZMVeB5Slnsoy6AK9EtpI5BoInyJ1COUY9cA2UUBrZCZK1Bf4tQaYeKQCtri4LGLQLjnMTEjnhmoZxBN9I3IsCPnv6gnHNMpx2gqU0qM/hgAgkkiBfYBCpEgXkC+5wxcQzz020MpqsvwsDokESCQJmxg25Y9fjCASCivHOI0aiU6VOqKeuqg1AaoItcSCQAxJ29+bFR7MQP5tYuOYUBAfxP1GOZVuFVc2z5ijQqGmr6RpiQQqk2FzczMc+uOtZDPCrl1cBgdMHV8QYCCCIF/bHqLy5xa5U02A+oIQ9MKIWwAsB5MZ/HGY3D+Lyk/IifxxmLwmwEqdgu1ozXFHqVkQNUowhAANMLBN94a5JM8htg32q7VURWpVEpmtTpHTrEClreQQajWMBRtNicc5+zfPZLvS2eUEaYXwFl1TuwBk25QRv5YIfaV2rXNFEoKwy9IHTYLqY8wOSwABsbm2EhLvIb3UfbLszXpBczVbLqaruSKJZp1FnNyAIUEKCB06ThX4wQ0uPheWHobj8cecGDFdLM0EltMmBMctpOkSfTBHiOUTuvGQOU/u+ALRup6jgXK6rlqdN5Euq+0gHEK0QJm4FzPM/oPxjAfIvpkM/gpiwDEg9In64JUc4WJtb9/rgGwChf2VbP5VWBcfd5W+Ecx1wNp8OUma7ulGJQrBJcjwiJsOp35eYZDAoa95Yn58h54m4q6mkqGnpLMCDpMmBJknawNsZUqFpAiZXmPIQzhOsVjVVNWk6CBfUBA25EEe+GPthxhqmUq0WpuAEkloneIF9pBnpAwJ7Lau7qVlZZEkqbaiI5jY8gYv063qveZpHLeElQAovAv59euIjTFTU3EYbzP7YTGvLDKGdnc3RSjEJMi7IGtcW5zef7xgRmM01VK6PUCqCugadKLD9FEibCYJ2nF3snweiSxqs50gsoVgJi/wk9PrivxqiB32XpJEhW1MwLOdQIlrACNgLGZ3OHUiA8hfU/FWlzGvtg+UnM7iBGI+cdlrmOH1xQQvVXTJAAINjubdQBiakxDEqCdMkDfa8R6DFPh4r1VWnpACeIk2tI+ZMCB64cspwEUWBLFg3gJ6ErBPtqwTWrk/F69xa0umJ69eZ56rnWS4XXqhqgWZDMRzPMn88OHCeGZZ8qysWXMEKQ5ggES2kCPDPM84iwJwSyqtTSslpZGvAEiDeeeE7IcVhYKkwAJmZ/PDnSuVeXZCO9o8sKmUp6LKj6YjYkbk7b/AI4q9jGq0KtQIwl6bahBsi31k7CIPuY54J8BpDN06lMs6rIJOmYIggz8MGII32jmMFNNPLs2Wpz/AJTd4zaSXMGxj7hH3RG+EGGNIK9TaYtS/wBqez+mqipUomkyLpZGMANMF5Eza5AtInfDzwfiWUFNTUqd+9Md0IUg1Itq0t93TeTHPngLWakykiIVNTIZ6GIvIBNoFr424RlMqdJlqVSfCdR0mf6ZmR6kYW6rBhPNNdV7Pd2mXprSaVA3O87mfPl6RifPvCnl1wC7J1AhqUtam4aAZ8jHTlgpxGr4CJiRzxdSeHNBVDfSg4MmJi34E/kcZjXLvD7xefYj9RjMPQrjdPhhaoqUFZ2c+EQJJPKJgXnni12k7LVcnV7ljJZAwIMggzIg7wZHt54ylmGpMjrAqIVZZvcG0jmJxf7SdoK2Zam9YodI0gINPnPW8e2EAATCjBxndAkFPT48x3NURpmk1QNvMlSCpHSDPvilnKjO0d4rqsjUilA1z4oMH5jkNse8TQsCbSATPpv64gySRAIMmCBG4O3zwio4luER2TZ2H7L/AMb3+wFOkdMmA1UnwAzNoDA+xwKr0yjPTI8SmCekSItz6nDh2X4nRyOWJBarmKwnQqwtPTqA1Od5mYE/K+FCu5NTvNw8n/lJ/LDmMAaOqx8QFey9Mvl0pqfFraPT/wBjF7jdWoq6agIZFXTYAanMTF58IfyviDhdNwqVluE1SImx9xH9sWc/XFapSSrYVASJEREwRc+ICTznUcS1CTVBgQOeUpqs5LsrTen3iwryGImzWIgD7t2J6AgcsB+I8UqUKpamvLnYbXM+uGXv+6buxYMQAf6gRup9ZthH7R0s1Trs1WkRTBgKwlSOUmYJMSROAoGsZL9jsrNLSDyS7gZVTszw+vV8NMqEAMs5A023N9v1xFxLLaFqq1QPV8OorOnSGsATvP02xY4FmKqswppMiPLbnNh0vbFPO1HJqFyNfgDCxgaouedsOaD4hwu9qXOdpaYvJ2gZ36niOiKdnOOU0b4JY6ZBFoFuRte/r7Y6NkM9NPuwocuZJJsDMk35TYY5dl6KUrxExfrvE74bOG8Q7llRviKKTIIKk6reIX2DAixDW3x4RwuD8RY8Vi9zYntE8HdX+047uijBGFyHIuAp2kjqdIEbk4XeB9mu88dUMEUalUWJkxc77QYHUYc1cVcsAx1aJAk/0nUvXaeh2wi57jtQFlNirabHaDYSN4nf9MGXyomiR5V0fstSp1H0UlVURT8IgTqMDzOmfPY4XOPUTTzTsZknSb3IK3i1xfb2xZ+zjtQlJ2o1WgVWDI5sA9hpPSYEec8yJNdoKZqvXNIOjKjEOEEkgX0/0t5g88RVBeZPuVfSaAz6pC4/WNMrSW9RgGYbaUJ5ztqtbkJPPGJmHpIjQSgLCDBAJubjmZJxHka9LvteZ1uNAWZ6Cw8h6YcT2PFXKp3NUAOS51gxdfAR5Xv1HmMM8EPFoSpc53lRHstSasO8pHwA/EQZLC5G49bzvg9ni67iIjnjfgWTp5WhTy6NqCC5O7EmSfmT9MR8TrDTvc2j54s01EUWhoVO4zuqWUq+K/mL+R/vjMRZR1LElgOd/Mf2xmKihErmFFRpLGYM3I5je59R88bZpDSFWjVp6qngKPqPhB8hZgVMHoRht4LkadSmyuNSirqG45L9OUYm7Y5ei9IGoQjBlVXAkiTcQN5ANuoxBQpmy6d0L2YSlluKCnRqZM0taZlkBZQNawy/DY6jBMdD64eO2GapUtOnR3wUIjkK7IoUAnUbgwd/Ob4ROzbaKrZhx4cqpJB5ufCq+syfbFTPcYSpUYm5ksfUmbYaHlrZASp8sKzUbwBFB0ARM7+nlijRBBZCRpa6zPhJwUpVw4EbRt+/3fFPLU1d9E3mJif2MDdiSUsgAYRHLZPMJTCyoQsFa8kE3iRMiPxxVyhp5yvSQytM6kpz93bQf+34nBTOLVWmzEzog7yRDKLQsfXFLs3khUenoEKsEQdjyvhdIQCYiUoHEpi4VxTRmKuWqQoVV7oufja4MEmxaDH+1haww11BTqUzTqqCkeJWEyOtx/55Y5X2oy9SpmC4VmXUVF5BKfFHlrZhfocR5zimZXwpXqooIEaz5AxDQBvtgg4zELpf0rPAFUOzyPx+6r5moMnmK9Cdaq24EytmE9DDQfQ4CVJc1GAEPoCg7RJJxPw4r35aoxIYmSZN+Z3vcjfE2aqLqY0/hGkCBznkffbzwAhrzG/2XYuNTS0zUALcAkRdgxH7bflVBlmUr4/NZO376+WDCZp6r66jM9RjLMecflaPQYjzfDqzJrLfCN4i2BtGu6EHnOxvNiI9IMY8HXCFzfiFAtggktOAT23xxCe+zdcHUpPPxCdwen1Hvhe7RcIV6tSpTJ+IXixIABnz3x7wbMO76aY0tcX2/wDJtPmMMHEsoV0KU0mLltzG9ovvggIXIywpOp01ACkHxfInB/h3H83/AA9TKOxZBA1GdaqIMAz4gR1kxImIxcqZIFQP6SSvqP7csYmXqGGTdiEqQJMXE+omb7j0GGECEbHnZbcB7MnM0hVqNpSYhRc+52Hzx0HLVkRVQWVRAAGwFhhX4DmEoIlPNRSlnWlmFJ01NLR/MTdYmx5XmLy2jJaAGA1hhYr4gfcYOiW87qmm2AtKtYEWOBOfr/ji5mvBcrHr+GBOcrloB25YoaQdkZ2UmUqC8n5jGYpU2xmChApOAUNNEXu1z8gPyxdz2UWqmktB3VgLo0WYdCMU6FPSAOWLSVBFzhDWwITQMZS92g4WlHJlKQsHQsTuxncnmZjFz7L+D0nymYJUaqjMhbnp023sPjO3XBXiFKnVovS5spg9D93649+yykVy1VWswrMGHTwrjBNw6IC3zJF4rw45RysEoR4HA3HnyDDpz3xV4fnDTqh4UjSUg2kHbbmCqmfXHVq1ZTbljkHGXH8VXqFo1O2n2sPwwiqyDP2QuYGjCO5qs6BWcE0yYKiwLEH4hcMACLfsQDioo05pjTTUdDF9pPMk8564rGv/ACkJLMPE5WBpBvFxckhTv1wIqcQbU6o7aKhuGiSCZHoY6YFkRBwkhnVG+K5+m9LL0Ue2maoBhptMj/UxJ88Cc9QRTCrAnYSQPmd9/riTIotRYI0Lc6R8TG8EtEt7/TFdwEYoJ+Etf2j8d8Zdc9fQVx4WjY0jJE9iDsT3C94BRpy+oDUWkTHPnfkBibjWW7sFgp7ttKqQYDeIAlY2ufn1jEPZ2jTdoexA59PTF/jpUURRVdQlWgQCCYkex9rYW148Uifp74R6iBpmC3gZnG/A/UefqvHy1YUiA5KgSQYBibX9bWxSy9NFMvT8RFzI57XP1xfy3D65pkkzSWATG17T/wC4z+FNMLrXUgPvH5H9DjaQw6I+ik+LVg8U4Lic5Ij2RyfkvcuyU6iVEqIHDR3cNLA89tMX5m4Hzc+KHUveLcAQsAWPqPlOEatkqepXSoTeYJ89uow9ZIVNk7s0m1BpM6IIK+He4kHflgqg8uFxHQSg/C+CZrNMTTERe5sT5dWwd4bkwhamSDVAkrzANgY5XBH7ubpF2ymZKko4y7kFLENpNx0vjn+W4bXTMU3bU1QKCk89Iss9NvY4Oq0MZ/KbYBEKLt5wavK1yCtNoD6S3hcEjUR93UCLjnPM3n7PZmpQZFoVzT1CDBYyZm63HU7fLBTjfavvMloFIh3U02kg6Tz5AkNBE8r7kYC9keGiq6ipfQZZQL726QD88TVJxPCazfCec3Ykt8T+IzB39LAeWBmZqycHeIIGaDYLAHy/Lb2wCzlIKSMdDTNtYMJj91rSnHmJcvQYiQMe4olBCiljyJxJ3bc8Wi/SAcTIJIDECTvv0x6CvBwQm8xinxHjVak2im7JPiJWxMSLkXIFhGHfifCsnRptVeq5C7AR4jyAkbnbHM+JZotUV2QATYEzYEmJkTy6Ynr1IbAOV52EWo8RehTWo7GqHMfGPCwm3yIt1BwoV0qVHZtJYuxMepJj5YkqUTr1iWNQ3gXPl+H03wR7O5ZsxXSnRkM48RJAKqI16T9Bzwq6/BSLi4wEKzVXTTC6SDEEE8weg84wMFSSA1wSYMwV9+Y8jjqX2m8CydHLI1Om4qquhAGtAGpnYc4UH3e+OWZagSQYmLnmZ8vnOFloa6Cic2N0Qy1PvLBtMDcbt5fTGmcCqjERrUaSb3XcWmJ6kbxjfhFE6I0qIYFtUzAOw0kEAg3xPxfuPAaSmmr/ABqaneaWBcEAkAgWgTJggyZxjBaSV3KoNShSpDfGOBPPXzdFY4Bw+nWQkEajvN/n5DcemKHGcutPMMUlo0bdQ0WEki0Y34Nw3XUWn/ENQpMTrqKGYLCtBIBBYTbymcVquXiswD6pdRqMkgBrMQATFg0AbfPAU2OuJukKWuGtqXB3m6bx7hHqvGapo6ArBSQCItPL1E43ywqVqLFYlIJibj8h+mLmby7ZnJ1Eoqe8XSzQw8XNh1gtcSd1uBMir2Co1lzFPWZphyKsMrQoU2kEkSYGB0bQwlrRBnZS6zWVdZF8Y6BCsr2dq1iXVqYuQAxif+UQL9fpg1wDPVKLDL1kJedABmQTBC2BLC8jpPMGxChmC9epVSkUy1RopTv4QFk3nxBWa+C9bh/ePQqMYVCZIjVAIIA58jbYScES81C2FL4QIgoNU46cscwiKWTMU2SZP8sgEyPLxEx/q9sScJzuunqAbu1cISWMF9Cs0f07/IYA8TzUtWUO3dioWVT/AE8rSQCB+74bOyNRUytWnVpFlqODAYKFYXtAsRIOPGk6sywn5JjDa6Oik4rwesV1ompapmaYEICpOtgBcgj4j0OM7J0Go05KRVPxFrm2xnkY/PBThXHtCGhTTvGZmWNVkECS1uQPznbFfipNMSjDWSIUdOZnmBIt0M49TqMpi54k8jvPvZOtzDVLVJuSTgXmyC3rIxo+ccAWv8xOKrVi1/fHXEEJSNZSQoj6Y8wPo1mjrjMbCyVSVGxv3TTbEbU6/wDT/wD1j16FcgWH/bD7UqVJXzNXMVFps5fSZ0naSNzy/Zx4nDA1Uh/hIJTTZQQYnTtPT09Ma0KFVdQCgarlpN+UbfnglkNSlmqaQIEQT+ftjkNoV3Vy94AZ36KglkQDlLFThbXpBwGBn5giPphh7L8H/hwzEjxafGRIQjeLgSYiT6dcLeXzWqtUdWCWJGr70dB1AvuMGP46mEqd8qsgQkMjQdKruVHwxIE+XSMIc2w2swlBxLgVpxzjNMqwMNIZNRF9LWMdJgc+Qwh1swFBFKNNh1MnnPMj2wNrZ12gsTHLz/tjKKsFZifSR+4w6HOMuVVVjAMI5ladVlDCpsoQGNgBA9gLTinQyfenu5kgOb7sVK9PKbYscPoE0i3eRvIECB+WKVCkHYL/AKQw/wBxJMzhY5Mx3XS1DHVKVNjA4nECNvLJg89e2yZsjmqYp92wOtI8IJ+IAgTyjngMcsAz6z8Zm07XNuptztibs/kaiVmFOG2BjxX3t9cWs1VL1CjiHZogmQbx+U+WFUzYSJwuTWou09dzCR3/ACmrsslWqtVKZVGCnQzGZOykqNyLTe0emD3YPKFsop7tA+pwwQRdWKzHOw3wocUOYyOVSpRqBgx0nw3SQ214JgfXEHZTjmYp0wVqMVS4QmdyZ/EnpM88I0znMc+pTAIO2Z2mV7TtaSA7Eps7V5kd9RyyWC+N4H3iIWf+JNujDBeplT3WgNDaTpbpOxwlZHNmrmKzVPiqA+Ibq+oFY/6hfTDnx6k6UKbUBVq1XKh2RfhVd2CG022NsWsqi8udyiDCdtlzvO8MZYRoOppcxdtTmJHKxAiemHDJKR32UMhG1FWO6mADp8r7+WFLieYdKgV5X+YHaRBiRy2NibC1sdboZDJaVZ6qlyokmrHS29gLD2GB017nebhLFPMrnvA+D1aYqsSUKsUBH3gB8VzEGdo+6PeQZ4U1Uu7ECoVERf4gQZHIfpgh2g7P95qCcQyxVjOlm0gAGwHiaeUz0nEfDOz2VCRmuII5LE6UqADbq12MwbjlhJ0lUvJA6Rtwmw1ogKw9JT79cQ/winng8r8MAA72kYAE95JMe+Nkr8LH/wAlI++O1JjKUG5QijRA54zBz+P4WN2pfI/pjMDcUVi5ee0lU/dT/qf/ANYz/H639Kf9f74qpVHlid/hHIzhniOQ2NVnL8TrO0eADcnQMUc7xB6jgFvD0Ai0fW18XcrksxUqLTphdFtbFgJnlcefLF7JdlqzVIrAAafDBBk7euxkn0GIK2oLjvha9lsAJUr96kPTElZB3vMztvbATMZ2pXAFSI3JAgkiwk3n99Md+ocIo5ansoIGxvPpjifbKitLO1wkQWDAAREgGI9ST74TRe1wwta4sBBGULqoPiPI2/DEeYqqWVfuyJvy9YxWzdeYlp54iySzUUxPiEje0+WHWzlbRp5DnpxzXDKa0iRABgKAbH1FsDtNMlvEQyiBb3jzvz88S5p0jwXN/a0AX5yeWPOFrT1Bn9CpAMjmL4mBIYS4/ZdzesCwE2gui7PWMftA6q5wRQiGqtSWMgbCTO0Gfni52do069fxk/ETIJBAuN7z19ZxHnkpKAaagsR4oUTEgWG4hT154kzdKgcuSylazOoTdQLn4o28Mmfxwt5EGMTiYXKLKmqaHmS5zo2z/ror2bLvUqURWNVEmCBAEmNJix5X9cCEPdVO7XdTDnlvBUTuwIgx0PQ4mrFaNIBHGmoTrUG4AtExbV+HLAtxpcMp1FgdRJ20jUY53j93wdIAMtCdr9NZUiwtwIH2k95TBks4EcBW8QvDAEOskH/dExE+uCnZrtVXoVNLEPQMkQdhPLnbocI/E82rFdCgqJ1VBYtIH3QY5i46DFnIKSvxHVco3w3FiDa+30HXC6lH/sraTg5tsQuwcc4Tl85lS6A+EFhosT1ERz6fLCRUqKbamj0H64l7J9tlo1ApB0MNp584ncTPyxv22yyo65ij/k1TflpfmPQ7/PFOlqOm1wz1UGoohplqoGkp2Y/IfrjQZJT98/TAypxFR99SecGB9eeJafGEFtY+YxdJUuFdGSUcyfl+mJqeWTz+n6Yo/wCL0oMsvlf++K9TjdIfDUE/lj0uW4Rc5deX4/2xmAb9oqQPx/IE/ljMekr2Fi0XBB2k7Hf0jcnBLhlJneAdUX2NjFhBFzfrhozRp1AEqBDpkEpU03jYEmCJ5XxWVASNI3FovMW9ScJqVvKUbKXmCt8HoqTSAkDU2sSDYXmQOkD5YPZFzXCulQKEqEvHiJUT4ZmBJiZmw98J9XN1KZDUqciWRiSYBOkQI6AfP0tX7O1xozANUUwArFoJAIPTmOXPfHMfTLTccymtAJPzTP2m7QCjVpd4ZpkwwCzyB8N7kQDGOD1FYkqJYyfU35jrhp7WdokqVwqEVKK7adQ7yYDbi1xYix3AgxgLmabVHLqjIiIJEM5ELEMRyMTJiL7xivS0Cxsu3KU9oJ+qFZjLkAmbiLc/fkMXOA0W16wLCdVwJkfP/wAxpma/3YhgTGwAX35/XBfhmTdFLgzKyQy2AGHVHQ1DXNrCR8ltn8zLKNJAUi1iYmT8iR8sEv8ACFr0iKMF9yZBtcnwrJG3PcYo5CrNQ96CQR5xPPa8GfpiSnxGKj91qE7wNIkeXrcYlcDNonGVmn1bqLSGtE9ekrOFVO7YKiF1VNRJBBuNTbG1oW87DBCvTbMaQfAalTUtiTCqq7bkEMb+U4J8OzfcUnbS5ZnVSFbT4RYG0m4hb774GJkKtVqeglKviaXkSajGzEfC3gkdduVx3cSu14lOoGAR3cPVgT2gBx7TwhXaDKtl6vd1GiINr2ItPS1/fF1skvcBadUtqcEgiJU6ZjcxqMb+ovgNxLvf4p1rODUQ6Cb7LYfhzwfyVEEa5XvFUkqsDVsAdMEsJg+GJiDGDcLWiCscTUqG6Xdzvj5/YIbmcjCgxuACAPhJ2Pnf54hObfQqxGldyNpIII6R+eGDMnu5cIypqDEHnJgxzM/Q2xKtSky95DKCZOpY3IHPlPMGLYT4pAyJTfCk+Uwlijw11Q1TYKQQYJtPl+OO1twann+Gd0AB3iKyno63UkjzEHyJwjZgNoKqoGpbEKLmOTMN97TacPf2WyckurkXHyYj8sB4xcQ7v7/CRXohjYXMeJfZ5Wy9U03QVF0htdNrXBgSbzqERHMYpp2TpGsabV1pNpaKbiCSAfvAwo/3b6Wth47Q8Wq0Kx7xCaRBAKASCGaNQ3I5mNgZNsAq5p1GStTLVFWO+hQDdR7lYjYb88XvqO4+i5IEKtw/sHqg95TdCYnvNJ8/DubbW3F8T5D7O1nTVcN17sFxuLEkXvaAPvD1w2cPzaUqKt3VN01M1oU3gE+MGCBEi2xxPmM2Vou+XYiqTr7nSAGkCdIZZ3PUyNiMAatQjdMDQThLz/ZxSZ2YCSSSKaqAdPhEgagLEwRbrfGYJ8G4lW1HvAygqCNZhRNxENBG43sR7YzBCq+MozTaCg1LhpeQSdWmGLi2+0jYwZETOJ+F1nQiiYWWOu1yDsZ8xNsEa2Zltl+AhpIAgGZ0+UjngB3E1TVQiLaiu2kbW6+nWLHHqrXObleYWgo7204dUTLqKdSKR5CAS0Qo0sRNixgAkaQRthJ4TxylRQvo1ghlamSIqTdZ5qo0xq8gMdC4UBn8q9F/hOzG5BBsb9DGOccU7IVEaolJyIJJWpNPaNQDFQrga1MhoIO1pwqjDm2P4TXjkIFTElm0AQCBN49CdvXfFbL12XclYMjdee3rODPGcu1NFXlGlfMAwTPmb++K1bs4yg1GYFNOoQ6va8eJTE846e+KQ4ETKFzSDACoJRDmd9p5877YL16OhNNN9zATVb3JtvynBbL5RMrTRXVX70SBqNtt9ME+3XFLJcMDu6VDo0kQTLeHcNE7zPTpyxP4rXC47D7rl1qt57D7qXg38lSaiSJaG0kyCSYtzvhezHEneu7UAQDvsPCIkmduuCnF+NVAj0oIhghfcAxNuhgfTFPJcIqV2UFSHhWUwPEDBBMkDbn53x6k3eq/lW6Og+p5QMnP0TFwbilRaNVTJ1qTLEKAfXnEzAxLkdShHpOTU0BYF9Ugqvh3BM+d+WB2b4lURTlNHjJiNN+UkHp4RfoPXEmTyVdW8AYqAXgTKR8RIHIGb7QARY4TbDS7r7wu/p9FSpaxrKLhBkmJOIHqmd844QbiWWda7GswFSYNydhEXuYiPY4J5TNoWVSUEmFUX8UQJQQRbmCN+WDFHhVGqyivDNUJ0kPBY77A78xPrBxLluG5ek/gYMBUIJ7wE0zz8Iv6+WPGsC2Dul1aUVnWmRO6kHCmBPMxJQAsDykqbzB3GNVyQcEBmRVEkkCwWN5Hh3jxTf3II0arPrpoGpPSaY8BidJkKRAJQjc898VsiK1asKVepUdKpZUcabADxFTGkHT93xGSBNxhTA4mPf8AK1zgAvKqlUp1CyqugAAuCWGogtEQCvOTNsdJ7EZXusnTtpBXVG0ar/njmHZXheYzGYSgGLZamS1R2ADGmQAqyCQSwkWGxa5x0/ttxD+HyVTQQHK6En+prD5TPtjXstICkq1C82rn6cYFau7ipWFJC7EkooAknmAzKYAAB254VsyXo1DrzSspJdZOkXDeoB3EeWJeBZs5YgqUNRolzuswLTuOoaf0JcTz1WsWppWUExOoBlERGqFMGwg9fXF7YIhS1Kbs5hQU+PP3JpmQ4nQQdTaeiF55gcpERtGKubFStTarSBrinBMVVZhG5NMCevLkLYpcXy9JFpAeNwg1MjEDVLbyBBFh4Y2x7nFQrqJpqzeF0AKmNIOqxhrmRb88eLRKCne0QsoZyoo1vSaCItBZRP3lYQBPSOWPME+BdpKGkmpUGsnSwamTrUXWTNmFjsJieuMwYZ1QOyZARjLVDqorbSIIEC07xa22Kqnwu/3pI9RJNxsffGYzD0sI59ntUio6A+Hp74bu12Tp1MnmC6glaRIO0EbEEbb48xmOLSP9730XRd6FzHPUwc5TQgFASAOUBWI+oHyxv2mYrkXYE6hmWAJJMAqRF/IDHuMxXQ/j+UVc499Eu5cRlaLD4uvOwXn08sWe2ldhocMQwpgAgxadrYzGYT/7MH+S4unE1M90GyVdlZVBMVFdHG+pSpJBnzAvvi92U4hVMOXJY2JPQWA9IAxmMxTqP+D6r6f4KAdYQf0lXqddv5hk7Uh6BlcsB0kgbYNdoKYoDLmlKGpl1LwT4pmZnr0xmMxBV3HyH4Xf+GNAdAGC9/2AhWchejq5qqwelkX8CR7nrgVxJQuYpOoAaoCz/wCoqBpMbSOvkMZjMCz1fQrjVx5j/kiuTECwFwJt1ucXe1dFaFbL90oScrTchbAsGW8bTjzGYZR3P0UtXcfVdA7C5KmmWVlUBnLMx5lpN74R/th8SUgbjvDb/g3648xmCf62/MqFnqcuX8LpDvUSPCWII3kalw4kaM4aS2pr8K9NJYi+9iMZjMdEHKQ7b9/ylXMp/OcXjW8CTA8R2HK2AzVCajSZiPwGMxmBZuU52zU0/ZioGeSLEK0Eb/CRvvjMZjMTVj5kK//Z'),
       ('f0eebc99-9c0b-4ef8-bb6d-6bb9bd380a16', 'Mint', 'Herbs',
        'Fresh and aromatic mint plant perfect for culinary use. Easy to grow and maintains a steady supply of fresh leaves. Great for teas, cocktails, and cooking.',
        500,
        'https://www.acquagarden.co.uk/cdn/shop/files/acquagarden-outdoor-plants-garden-mint-37305808224411.jpg?v=1725020792'),
       ('11eebc99-9c0b-4ef8-bb6d-6bb9bd380a17', 'Basil', 'Herbs',
        'Sweet basil plant essential for Italian cuisine. Produces aromatic leaves perfect for cooking and garnishing. Can be grown indoors or outdoors with proper care.',
        500,
        'https://www.acquagarden.co.uk/cdn/shop/files/acquagarden-outdoor-plants-basil-sweet-genovese-37302719086747.jpg?v=1725020993'),
       ('12eebc99-9c0b-4ef8-bb6d-6bb9bd380a18', 'Cactus', 'Succulents',
        'Drought-resistant desert cactus requiring minimal care. Perfect for busy plant parents and sunny windowsills. Features beautiful flowers when in bloom.',
        1000, 'https://www.beautifulblossomsflorist.co.uk/cdn/shop/files/IMG-8581_1946x.jpg?v=1690545308');

INSERT INTO users (id, email, pass, login)
VALUES ('10eebc99-9c0b-4ef8-bb6d-6bb9bd380a11', 'john.doe@example.com',
        '$2a$10$example_hash_1' || encode(sha256('$2a$10$example_hash_1'::bytea), 'hex'), 'joe'),
       ('20eebc99-9c0b-4ef8-bb6d-6bb9bd380a12', 'jane.smith@example.com',
        '$2a$10$example_hash_2' || encode(sha256('$2a$10$example_hash_2'::bytea), 'hex'), 'jane'),
       ('30eebc99-9c0b-4ef8-bb6d-6bb9bd380a13', 'bob.wilson@example.com',
        '$2a$10$example_hash_3' || encode(sha256('$2a$10$example_hash_3'::bytea), 'hex'), 'bob');

INSERT INTO orders (id, user_id, total_price, address, date, status)
VALUES ('40eebc99-9c0b-4ef8-bb6d-6bb9bd380a11', '10eebc99-9c0b-4ef8-bb6d-6bb9bd380a11', 4500, '123 Main St, City',
        '2024-02-15 10:00:00', 'COMPLETED'),
       ('50eebc99-9c0b-4ef8-bb6d-6bb9bd380a12', '20eebc99-9c0b-4ef8-bb6d-6bb9bd380a12', 3200, '456 Oak Ave, Town',
        '2024-03-16 11:30:00', 'PAID'),
       ('60eebc99-9c0b-4ef8-bb6d-6bb9bd380a13', '10eebc99-9c0b-4ef8-bb6d-6bb9bd380a11', 2000, '789 Pine Rd, Village',
        '2024-04-17 14:15:00', 'PENDING');

INSERT INTO ordered_plants (id, name, quantity, order_id, category, description, price, picture_link)
VALUES ('70eebc99-9c0b-4ef8-bb6d-6bb9bd380a11', 'Red Rose', 2, '40eebc99-9c0b-4ef8-bb6d-6bb9bd380a11',
        'Flowers',
        'Classic red roses symbolizing love and passion. Perfect for romantic occasions and special celebrations. Each stem features large, velvety petals with a captivating fragrance.',
        1500,
        'https://www.surprose.com/media/catalog/product/cache/08a4d8fee4b5c4b84e9ebefa3cc29b01/t/h/three-burgundy-red-long-life-roses-including-vase-8720174084898-aa.webp'),
       ('80eebc99-9c0b-4ef8-bb6d-6bb9bd380a12', 'Snake Plant', 1, '40eebc99-9c0b-4ef8-bb6d-6bb9bd380a11',
        'Indoor Plants',
        'Low-maintenance indoor plant with striking vertical leaves. Known for its air-purifying qualities and ability to thrive in low-light conditions. Perfect for beginners.',
        1200,
        'https://www.thesill.com/cdn/shop/files/the-sill_Large-Snake-Laurentii_Large_Isabella_Top-Half-Black_Variant.jpg?v=1743795923'),
       ('90eebc99-9c0b-4ef8-bb6d-6bb9bd380a13', 'Monstera', 1, '50eebc99-9c0b-4ef8-bb6d-6bb9bd380a12',
        'Indoor Plants',
        'Tropical plant featuring distinctive split leaves. This statement plant adds a jungle feel to any room. Easy to care for and grows impressively large with proper care.',
        3500,
        'https://plantify.co.za/cdn/shop/products/Plantify-2_a807b86c-95a0-40cd-82f4-5ecb70c7db66.jpg?v=1638873064&width=1080');

INSERT INTO basket_items (id, quantity, user_id, plant_id)
VALUES ('a1eebc99-9c0b-4ef8-bb6d-6bb9bd380a11', 1, '10eebc99-9c0b-4ef8-bb6d-6bb9bd380a11',
        'f0eebc99-9c0b-4ef8-bb6d-6bb9bd380a16'),
       ('b1eebc99-9c0b-4ef8-bb6d-6bb9bd380a12', 2, '20eebc99-9c0b-4ef8-bb6d-6bb9bd380a12',
        '12eebc99-9c0b-4ef8-bb6d-6bb9bd380a18'),
       ('c1eebc99-9c0b-4ef8-bb6d-6bb9bd380a13', 3, '30eebc99-9c0b-4ef8-bb6d-6bb9bd380a13',
        'e0eebc99-9c0b-4ef8-bb6d-6bb9bd380a15');
